1,1,1,,,,,,,,,,,,,,,,,,,
1,1,1,,,,,,,,,,,,,,,,,,,
1,1,1,,511,1FF,,,,,0,000,,,,,0,000,0x,0x1FF,0x000,0x000
,,,,,,,,,,,,,,,,,,,,,
,,,,,,1,1,1,,,,,,,,,,,,,
,,,,,,1,1,1,,,,,,,,,,,,,
,,,,0,000,1,1,1,,511,1FF,,,,,0,000,,0x000,0x1FF,0x000
,,,,,,,,,,,,,,,,,,,,,
,,,,,,,,,,,,1,1,1,,,,,"0x1FF,0x000","0x000,0x1FF",0x000.0x000
,,,,,,,,,,,,1,1,1,,,,,,,
,,,,0,000,,,,,0,000,1,1,1,,511,1FF,,0x000,0x000,0x1FF
,,,,,,,,,,,,,,,,,,,,,
,,,,,,,,,,,,1,1,1,,,,,"0x1FF,0x000,0x000","0x000,0x1FF,0x000","0x000.0x000,0x1FF"
,,,,,,,,,,,,1,1,1,,,,,,,
,,,,0,000,,,,,0,000,1,1,1,,511,1FF,,0x000,0x000,0x1FF
,,,,,,,,,,,,,,,,,,,,,
,,,,,,1,1,1,,,,,,,,,,,"0x1FF,0x000,0x000,0x000","0x000,0x1FF,0x000,0x000","0x000.0x000,0x1FF,0x1FF"
,,,,,,1,1,1,,,,,,,,,,,,,
,,,,0,000,1,1,1,,511,1FF,,,,,0,000,,0x000,0x1FF,0x000
,,,,,,,,,,,,,,,,,,,,,
1,1,1,,,,,,,,,,,,,,,,,"0x1FF,0x000,0x000,0x000,0x000","0x000,0x1FF,0x000,0x000,0x1FF","0x000.0x000,0x1FF,0x1FF,0x000"
1,1,1,,,,,,,,,,,,,,,,,,,
1,1,1,,511,1FF,,,,,0,000,,,,,0,000,,0x1FF,0x000,0x000
,,,,,,,,,,,,,,,,,,,,,
1,,,,,,1,,,,,,1,,,,,,,"0x1FF,0x000,0x000,0x000,0x000,0x1FF","0x000,0x1FF,0x000,0x000,0x1FF,0x000","0x000.0x000,0x1FF,0x1FF,0x000,0x000"
1,,,,,,1,,,,,,1,,,,,,,,,
1,,,,292,124,1,,,,292,124,1,,,,292,124,,0x124,0x124,0x124
,,,,,,,,,,,,,,,,,,,,,
,1,,,,,,1,,,,,,1,,,,,,"0x1FF,0x000,0x000,0x000,0x000,0x1FF,0x124","0x000,0x1FF,0x000,0x000,0x1FF,0x000,0x124","0x000.0x000,0x1FF,0x1FF,0x000,0x000,0x124"
,1,,,,,,1,,,,,,1,,,,,,,,
,1,,,146,092,,1,,,146,092,,1,,,146,092,,0x092,0x092,0x092
,,,,,,,,,,,,,,,,,,,,,
,,1,,,,,,1,,,,,,1,,,,,"0x1FF,0x000,0x000,0x000,0x000,0x1FF,0x124,0x092","0x000,0x1FF,0x000,0x000,0x1FF,0x000,0x124,0x092","0x000.0x000,0x1FF,0x1FF,0x000,0x000,0x124,0x092"
,,1,,,,,,1,,,,,,1,,,,,,,
,,1,,73,049,,,1,,73,049,,,1,,73,049,,0x049,0x049,0x049
,,,,,,,,,,,,,,,,,,,,,
,,1,,,,,,1,,,,,,1,,,,,"0x1FF,0x000,0x000,0x000,0x000,0x1FF,0x124,0x092,0x049","0x000,0x1FF,0x000,0x000,0x1FF,0x000,0x124,0x092,0x049","0x000.0x000,0x1FF,0x1FF,0x000,0x000,0x124,0x092,0x049"
,,1,,,,,,1,,,,,,1,,,,,,,
,,1,,73,049,,,1,,73,049,,,1,,73,049,,0x049,0x049,0x049
,,,,,,,,,,,,,,,,,,,,,
,1,,,,,,1,,,,,,1,,,,,,"0x1FF,0x000,0x000,0x000,0x000,0x1FF,0x124,0x092,0x049,0x049","0x000,0x1FF,0x000,0x000,0x1FF,0x000,0x124,0x092,0x049,0x049","0x000.0x000,0x1FF,0x1FF,0x000,0x000,0x124,0x092,0x049,0x049"
,1,,,,,,1,,,,,,1,,,,,,,,
,1,,,146,092,,1,,,146,092,,1,,,146,092,,0x092,0x092,0x092
,,,,,,,,,,,,,,,,,,,,,
1,,,,,,1,,,,,,1,,,,,,,"0x1FF,0x000,0x000,0x000,0x000,0x1FF,0x124,0x092,0x049,0x049,0x092","0x000,0x1FF,0x000,0x000,0x1FF,0x000,0x124,0x092,0x049,0x049,0x092","0x000.0x000,0x1FF,0x1FF,0x000,0x000,0x124,0x092,0x049,0x049,0x092"
1,,,,,,1,,,,,,1,,,,,,,,,
1,,,,292,124,1,,,,292,124,1,,,,292,124,,0x124,0x124,0x124
,,,,,,,,,,,,,,,,,,,,,
,1,,,,,,,,,,,,,,,,,,"0x1FF,0x000,0x000,0x000,0x000,0x1FF,0x124,0x092,0x049,0x049,0x092,0x124","0x000,0x1FF,0x000,0x000,0x1FF,0x000,0x124,0x092,0x049,0x049,0x092,0x124","0x000.0x000,0x1FF,0x1FF,0x000,0x000,0x124,0x092,0x049,0x049,0x092,0x124"
,,,,,,,1,,,,,,,,,,,,,,
,,,,128,080,,,,,16,010,,1,,,2,002,,0x080,0x010,0x002
,,,,,,,,,,,,,,,,,,,,,
1,,,,,,,1,,,,,,,1,,,,,"0x1FF,0x000,0x000,0x000,0x000,0x1FF,0x124,0x092,0x049,0x049,0x092,0x124,0x080","0x000,0x1FF,0x000,0x000,0x1FF,0x000,0x124,0x092,0x049,0x049,0x092,0x124,0x010","0x000.0x000,0x1FF,0x1FF,0x000,0x000,0x124,0x092,0x049,0x049,0x092,0x124,0x002"
1,,,,,,,1,,,,,,,1,,,,,,,
1,,,,292,124,,1,,,146,092,,,1,,73,049,,0x124,0x092,0x049
,,,,,,,,,,,,,,,,,,,,,
,,,,,,1,1,1,,,,,,,,,,,"0x1FF,0x000,0x000,0x000,0x000,0x1FF,0x124,0x092,0x049,0x049,0x092,0x124,0x080,0x124","0x000,0x1FF,0x000,0x000,0x1FF,0x000,0x124,0x092,0x049,0x049,0x092,0x124,0x010,0x092","0x000.0x000,0x1FF,0x1FF,0x000,0x000,0x124,0x092,0x049,0x049,0x092,0x124,0x002,0x049"
,,,,,,1,1,1,,,,,,,,,,,,,
,,,,0,000,1,1,1,,511,1FF,,,,,0,000,,0x000,0x1FF,0x000
,,,,,,,,,,,,,,,,,,,,,
,,1,,,,,1,,,,,1,,,,,,,"0x1FF,0x000,0x000,0x000,0x000,0x1FF,0x124,0x092,0x049,0x049,0x092,0x124,0x080,0x124,0x000","0x000,0x1FF,0x000,0x000,0x1FF,0x000,0x124,0x092,0x049,0x049,0x092,0x124,0x010,0x092,0x1FF","0x000.0x000,0x1FF,0x1FF,0x000,0x000,0x124,0x092,0x049,0x049,0x092,0x124,0x002,0x049,0x000"
,,1,,,,,1,,,,,1,,,,,,,,,
,,1,,73,049,,1,,,146,092,1,,,,292,124,,0x049,0x092,0x124
,,,,,,,,,,,,,,,,,,,,,
,,,,,,1,1,1,,,,,,,,,,,"0x1FF,0x000,0x000,0x000,0x000,0x1FF,0x124,0x092,0x049,0x049,0x092,0x124,0x080,0x124,0x000,0x049","0x000,0x1FF,0x000,0x000,0x1FF,0x000,0x124,0x092,0x049,0x049,0x092,0x124,0x010,0x092,0x1FF,0x092","0x000.0x000,0x1FF,0x1FF,0x000,0x000,0x124,0x092,0x049,0x049,0x092,0x124,0x002,0x049,0x000,0x124"
,,,,,,1,1,1,,,,,,,,,,,,,
,,,,0,000,1,1,1,,511,1FF,,,,,0,000,,0x000,0x1FF,0x000
,,,,,,,,,,,,,,,,,,,,,
1,,,,,,,1,,,,,,,1,,,,,"0x1FF,0x000,0x000,0x000,0x000,0x1FF,0x124,0x092,0x049,0x049,0x092,0x124,0x080,0x124,0x000,0x049,0x000","0x000,0x1FF,0x000,0x000,0x1FF,0x000,0x124,0x092,0x049,0x049,0x092,0x124,0x010,0x092,0x1FF,0x092,0x1FF","0x000.0x000,0x1FF,0x1FF,0x000,0x000,0x124,0x092,0x049,0x049,0x092,0x124,0x002,0x049,0x000,0x124,0x000"
1,,,,,,,1,,,,,,,1,,,,,,,
1,,,,292,124,,1,,,146,092,,,1,,73,049,,0x124,0x092,0x049
,,,,,,,,,,,,,,,,,,,,,
,,,,,,,,,,,,1,,,,,,,"0x1FF,0x000,0x000,0x000,0x000,0x1FF,0x124,0x092,0x049,0x049,0x092,0x124,0x080,0x124,0x000,0x049,0x000,0x124","0x000,0x1FF,0x000,0x000,0x1FF,0x000,0x124,0x092,0x049,0x049,0x092,0x124,0x010,0x092,0x1FF,0x092,0x1FF,0x092","0x000.0x000,0x1FF,0x1FF,0x000,0x000,0x124,0x092,0x049,0x049,0x092,0x124,0x002,0x049,0x000,0x124,0x000,0x049"
,,,,,,,,,,,,1,,,,,,,,,
,,,,0,000,,,,,0,000,1,,,,292,124,,0x000,0x000,0x124
,,,,,,,,,,,,,,,,,,,,,
,,,,,,,1,,,,,,,,,,,,"0x1FF,0x000,0x000,0x000,0x000,0x1FF,0x124,0x092,0x049,0x049,0x092,0x124,0x080,0x124,0x000,0x049,0x000,0x124,0x000","0x000,0x1FF,0x000,0x000,0x1FF,0x000,0x124,0x092,0x049,0x049,0x092,0x124,0x010,0x092,0x1FF,0x092,0x1FF,0x092,0x000","0x000.0x000,0x1FF,0x1FF,0x000,0x000,0x124,0x092,0x049,0x049,0x092,0x124,0x002,0x049,0x000,0x124,0x000,0x049,0x124"
,,,,,,,1,,,,,,,,,,,,,,
,,,,0,000,,1,,,146,092,,,,,0,000,,0x000,0x092,0x000
,,,,,,,,,,,,,,,,,,,,,
1,,,,,,,,,,,,,,,,,,,"0x1FF,0x000,0x000,0x000,0x000,0x1FF,0x124,0x092,0x049,0x049,0x092,0x124,0x080,0x124,0x000,0x049,0x000,0x124,0x000,0x000","0x000,0x1FF,0x000,0x000,0x1FF,0x000,0x124,0x092,0x049,0x049,0x092,0x124,0x010,0x092,0x1FF,0x092,0x1FF,0x092,0x000,0x092","0x000.0x000,0x1FF,0x1FF,0x000,0x000,0x124,0x092,0x049,0x049,0x092,0x124,0x002,0x049,0x000,0x124,0x000,0x049,0x124,0x000"
1,,,,,,,,,,,,,,,,,,,,,
1,,,,292,124,,,,,0,000,,,,,0,000,,0x124,0x000,0x000
,,,,,,,,,,,,,,,,,,,,,
,,1,,,,,,,,,,,,,,,,,"0x1FF,0x000,0x000,0x000,0x000,0x1FF,0x124,0x092,0x049,0x049,0x092,0x124,0x080,0x124,0x000,0x049,0x000,0x124,0x000,0x000,0x124","0x000,0x1FF,0x000,0x000,0x1FF,0x000,0x124,0x092,0x049,0x049,0x092,0x124,0x010,0x092,0x1FF,0x092,0x1FF,0x092,0x000,0x092,0x000","0x000.0x000,0x1FF,0x1FF,0x000,0x000,0x124,0x092,0x049,0x049,0x092,0x124,0x002,0x049,0x000,0x124,0x000,0x049,0x124,0x000,0x000"
,,1,,,,,,,,,,,,,,,,,,,
,,1,,73,049,,,,,0,000,,,,,0,000,,0x049,0x000,0x000
,,,,,,,,,,,,,,,,,,,,,
,,,,,,,1,,,,,,,,,,,,"0x1FF,0x000,0x000,0x000,0x000,0x1FF,0x124,0x092,0x049,0x049,0x092,0x124,0x080,0x124,0x000,0x049,0x000,0x124,0x000,0x000,0x124,0x049","0x000,0x1FF,0x000,0x000,0x1FF,0x000,0x124,0x092,0x049,0x049,0x092,0x124,0x010,0x092,0x1FF,0x092,0x1FF,0x092,0x000,0x092,0x000,0x000","0x000.0x000,0x1FF,0x1FF,0x000,0x000,0x124,0x092,0x049,0x049,0x092,0x124,0x002,0x049,0x000,0x124,0x000,0x049,0x124,0x000,0x000,0x000"
,,,,,,,1,,,,,,,,,,,,,,
,,,,0,000,,1,,,146,092,,,,,0,000,,0x000,0x092,0x000
,,,,,,,,,,,,,,,,,,,,,
,,,,,,,,,,,,,,1,,,,,"0x1FF,0x000,0x000,0x000,0x000,0x1FF,0x124,0x092,0x049,0x049,0x092,0x124,0x080,0x124,0x000,0x049,0x000,0x124,0x000,0x000,0x124,0x049,0x000","0x000,0x1FF,0x000,0x000,0x1FF,0x000,0x124,0x092,0x049,0x049,0x092,0x124,0x010,0x092,0x1FF,0x092,0x1FF,0x092,0x000,0x092,0x000,0x000,0x092","0x000.0x000,0x1FF,0x1FF,0x000,0x000,0x124,0x092,0x049,0x049,0x092,0x124,0x002,0x049,0x000,0x124,0x000,0x049,0x124,0x000,0x000,0x000,0x000"
,,,,,,,,,,,,,,1,,,,,,,
,,,,0,000,,,,,0,000,,,1,,73,049,,0x000,0x000,0x049
,,,,,,,,,,,,,,,,,,,,,
,,,,,,,,,,,,,,1,,,,,"0x1FF,0x000,0x000,0x000,0x000,0x1FF,0x124,0x092,0x049,0x049,0x092,0x124,0x080,0x124,0x000,0x049,0x000,0x124,0x000,0x000,0x124,0x049,0x000,0x000","0x000,0x1FF,0x000,0x000,0x1FF,0x000,0x124,0x092,0x049,0x049,0x092,0x124,0x010,0x092,0x1FF,0x092,0x1FF,0x092,0x000,0x092,0x000,0x000,0x092,0x000","0x000.0x000,0x1FF,0x1FF,0x000,0x000,0x124,0x092,0x049,0x049,0x092,0x124,0x002,0x049,0x000,0x124,0x000,0x049,0x124,0x000,0x000,0x000,0x000,0x049"
,,,,,,,,,,,,,,1,,,,,,,
,,,,0,000,,,,,0,000,,,1,,73,049,,0x000,0x000,0x049
,,,,,,,,,,,,,,,,,,,,,
,,,,,,,1,,,,,,,,,,,,"0x1FF,0x000,0x000,0x000,0x000,0x1FF,0x124,0x092,0x049,0x049,0x092,0x124,0x080,0x124,0x000,0x049,0x000,0x124,0x000,0x000,0x124,0x049,0x000,0x000,0x000","0x000,0x1FF,0x000,0x000,0x1FF,0x000,0x124,0x092,0x049,0x049,0x092,0x124,0x010,0x092,0x1FF,0x092,0x1FF,0x092,0x000,0x092,0x000,0x000,0x092,0x000,0x000","0x000.0x000,0x1FF,0x1FF,0x000,0x000,0x124,0x092,0x049,0x049,0x092,0x124,0x002,0x049,0x000,0x124,0x000,0x049,0x124,0x000,0x000,0x000,0x000,0x049,0x049"
,,,,,,,1,,,,,,,,,,,,,,
,,,,0,000,,1,,,146,092,,,,,0,000,,0x000,0x092,0x000
,,,,,,,,,,,,,,,,,,,,,
,,,,,,,,,,,,,,,,,,,"0x1FF,0x000,0x000,0x000,0x000,0x1FF,0x124,0x092,0x049,0x049,0x092,0x124,0x080,0x124,0x000,0x049,0x000,0x124,0x000,0x000,0x124,0x049,0x000,0x000,0x000,0x000","0x000,0x1FF,0x000,0x000,0x1FF,0x000,0x124,0x092,0x049,0x049,0x092,0x124,0x010,0x092,0x1FF,0x092,0x1FF,0x092,0x000,0x092,0x000,0x000,0x092,0x000,0x000,0x092","0x000.0x000,0x1FF,0x1FF,0x000,0x000,0x124,0x092,0x049,0x049,0x092,0x124,0x002,0x049,0x000,0x124,0x000,0x049,0x124,0x000,0x000,0x000,0x000,0x049,0x049,0x000"
1,,,,,,,,,,,,,,,,,,,,,
1,,,,36,024,,,,,0,000,,,,,0,000,,0x024,0x000,0x000
,,,,,,,,,,,,,,,,,,,,,
,,,,,,,,,,,,,,,,,,,"0x1FF,0x000,0x000,0x000,0x000,0x1FF,0x124,0x092,0x049,0x049,0x092,0x124,0x080,0x124,0x000,0x049,0x000,0x124,0x000,0x000,0x124,0x049,0x000,0x000,0x000,0x000,0x024","0x000,0x1FF,0x000,0x000,0x1FF,0x000,0x124,0x092,0x049,0x049,0x092,0x124,0x010,0x092,0x1FF,0x092,0x1FF,0x092,0x000,0x092,0x000,0x000,0x092,0x000,0x000,0x092,0x000","0x000.0x000,0x1FF,0x1FF,0x000,0x000,0x124,0x092,0x049,0x049,0x092,0x124,0x002,0x049,0x000,0x124,0x000,0x049,0x124,0x000,0x000,0x000,0x000,0x049,0x049,0x000,0x000"
,,,,,,,,,,,,,,,,,,,,,
,,,,,000,,,,,,000,,,,,,000,,0x000,0x000,0x000
,,,,,,,,,,,,,,,,,,,,,
,,,,,,,,,,,,,,,,,,,"0x1FF,0x000,0x000,0x000,0x000,0x1FF,0x124,0x092,0x049,0x049,0x092,0x124,0x080,0x124,0x000,0x049,0x000,0x124,0x000,0x000,0x124,0x049,0x000,0x000,0x000,0x000,0x024,0x000","0x000,0x1FF,0x000,0x000,0x1FF,0x000,0x124,0x092,0x049,0x049,0x092,0x124,0x010,0x092,0x1FF,0x092,0x1FF,0x092,0x000,0x092,0x000,0x000,0x092,0x000,0x000,0x092,0x000,0x000","0x000.0x000,0x1FF,0x1FF,0x000,0x000,0x124,0x092,0x049,0x049,0x092,0x124,0x002,0x049,0x000,0x124,0x000,0x049,0x124,0x000,0x000,0x000,0x000,0x049,0x049,0x000,0x000,0x000"
,,,,,,,,,,,,,,,,,,,,,
,,,,,000,,,,,,000,,,,,,000,,0x000,0x000,0x000
,,,,,,,,,,,,,,,,,,,,,
,,,,,,,,,,,,,,,,,,,"0x1FF,0x000,0x000,0x000,0x000,0x1FF,0x124,0x092,0x049,0x049,0x092,0x124,0x080,0x124,0x000,0x049,0x000,0x124,0x000,0x000,0x124,0x049,0x000,0x000,0x000,0x000,0x024,0x000,0x000","0x000,0x1FF,0x000,0x000,0x1FF,0x000,0x124,0x092,0x049,0x049,0x092,0x124,0x010,0x092,0x1FF,0x092,0x1FF,0x092,0x000,0x092,0x000,0x000,0x092,0x000,0x000,0x092,0x000,0x000,0x000","0x000.0x000,0x1FF,0x1FF,0x000,0x000,0x124,0x092,0x049,0x049,0x092,0x124,0x002,0x049,0x000,0x124,0x000,0x049,0x124,0x000,0x000,0x000,0x000,0x049,0x049,0x000,0x000,0x000,0x000"
,,,,,,,,,,,,,,,,,,,,,
,,,,,000,,,,,,000,,,,,,000,,0x000,0x000,0x000
,,,,,,,,,,,,,,,,,,,,,
,,,,,,,,,,,,,,,,,,,"0x1FF,0x000,0x000,0x000,0x000,0x1FF,0x124,0x092,0x049,0x049,0x092,0x124,0x080,0x124,0x000,0x049,0x000,0x124,0x000,0x000,0x124,0x049,0x000,0x000,0x000,0x000,0x024,0x000,0x000,0x000","0x000,0x1FF,0x000,0x000,0x1FF,0x000,0x124,0x092,0x049,0x049,0x092,0x124,0x010,0x092,0x1FF,0x092,0x1FF,0x092,0x000,0x092,0x000,0x000,0x092,0x000,0x000,0x092,0x000,0x000,0x000,0x000","0x000.0x000,0x1FF,0x1FF,0x000,0x000,0x124,0x092,0x049,0x049,0x092,0x124,0x002,0x049,0x000,0x124,0x000,0x049,0x124,0x000,0x000,0x000,0x000,0x049,0x049,0x000,0x000,0x000,0x000,0x000"
,,,,,,,,,,,,,,,,,,,,,
TOP,,,,,"0x1FF,0x000,0x000,0x000,0x000,0x1FF,0x124,0x092,0x049,0x049,0x092,0x124,0x080,0x124,0x000,0x049,0x000,0x124,0x000,0x000,0x124,0x049,0x000,0x000,0x000,0x000,0x024,0x000,0x000,0x000",,,,,,,,,,,,,,,,
,,,,,,,,,,,,,,,,,,,,,
MID,,,,,"0x000,0x1FF,0x000,0x000,0x1FF,0x000,0x124,0x092,0x049,0x049,0x092,0x124,0x010,0x092,0x1FF,0x092,0x1FF,0x092,0x000,0x092,0x000,0x000,0x092,0x000,0x000,0x092,0x000,0x000,0x000,0x000",,,,,,,,,,,,,,,,
,,,,,,,,,,,,,,,,,,,,,
BOT,,,,,"0x000.0x000,0x1FF,0x1FF,0x000,0x000,0x124,0x092,0x049,0x049,0x092,0x124,0x002,0x049,0x000,0x124,0x000,0x049,0x124,0x000,0x000,0x000,0x000,0x049,0x049,0x000,0x000,0x000,0x000,0x000",,,,,,,,,,,,,,,,
